{"light_parEIR": 0.0, "temp": 9.850000381469727, "salt": 35.11000061035156, "N1_p": 0.323792427778244, "N3_n": 3.688014268875122, "B1_c": 26.129438400268555, "P2_c": 3.7147483825683594}